first_name,last_name,role,username,password,email
Zyad,Banawas,TEACHER,zyadbanawas123,zyad@banawas2030,zyadbanawas@gmail.com
Ahmed ,Alkhouly,TEACHER,ahmedkholy123,ahmed@kholy2030,ahmedkholy@gmail.com
Tarek,Alsolamy,TEACHER,tareksolamy123,tarek@solamy2030,tareksolamy@gmail.com
Ibrahim,Hassan,TEACHER,ibrahimhassan123,ibrahim@hassan2030,ibrahimhassan@gmail.com
Abdulrahman,Arab,TEACHER,abderahman123,abdelrahman@2030,abdelrahman@gmail.com
